Filename,Description,Keywords,Categories,Editorial,Mature content,illustration
Ose_night_diving_001.JPG,"Night diving scene in the sea of Osezaki in the West side of Izu Peninsula.","sea, night diving, underwater, scuba diving, underwater photography, izu peninsula, nocturnal marine life, dark water","Nature,Animals/Wildlife",no,no,no
Ose_night_diving_002.JPG,"Night diving scene in the sea of Osezaki in the West side of Izu Peninsula.","sea, night diving, underwater, scuba diving, underwater photography, izu peninsula, nocturnal marine life, dark water","Nature,Animals/Wildlife",no,no,no
Ose_night_diving_003.JPG,"Night diving scene in the sea of Osezaki in the West side of Izu Peninsula.","sea, night diving, underwater, scuba diving, underwater photography, izu peninsula, nocturnal marine life, dark water","Nature,Animals/Wildlife",no,no,no
Ose_night_diving_004.JPG,"Night diving scene in the sea of Osezaki in the West side of Izu Peninsula.","sea, night diving, underwater, scuba diving, underwater photography, izu peninsula, nocturnal marine life, dark water","Nature,Animals/Wildlife",no,no,no
Ose_night_diving_005.JPG,"Night diving scene in the sea of Osezaki in the West side of Izu Peninsula.","sea, night diving, underwater, scuba diving, underwater photography, izu peninsula, nocturnal marine life, dark water","Nature,Animals/Wildlife",no,no,no
Ose_night_diving_006.JPG,"Night diving scene in the sea of Osezaki in the West side of Izu Peninsula.","sea, night diving, underwater, scuba diving, underwater photography, izu peninsula, nocturnal marine life, dark water","Nature,Animals/Wildlife",no,no,no
Ose_night_diving_007.JPG,"Night diving scene in the sea of Osezaki in the West side of Izu Peninsula.","sea, night diving, underwater, scuba diving, underwater photography, izu peninsula, nocturnal marine life, dark water","Nature,Animals/Wildlife",no,no,no
Ose_night_diving_008.JPG,"Night diving scene in the sea of Osezaki in the West side of Izu Peninsula.","sea, night diving, underwater, scuba diving, underwater photography, izu peninsula, nocturnal marine life, dark water","Nature,Animals/Wildlife",no,no,no
Ose_night_diving_009.JPG,"Night diving scene in the sea of Osezaki in the West side of Izu Peninsula.","sea, night diving, underwater, scuba diving, underwater photography, izu peninsula, nocturnal marine life, dark water","Nature,Animals/Wildlife",no,no,no
Ose_night_diving_010.JPG,"Night diving scene in the sea of Osezaki in the West side of Izu Peninsula.","sea, night diving, underwater, scuba diving, underwater photography, izu peninsula, nocturnal marine life, dark water","Nature,Animals/Wildlife",no,no,no
Ose_night_diving_011.JPG,"Night diving scene in the sea of Osezaki in the West side of Izu Peninsula.","sea, night diving, underwater, scuba diving, underwater photography, izu peninsula, nocturnal marine life, dark water","Nature,Animals/Wildlife",no,no,no
Ose_night_diving_012.JPG,"Night diving scene in the sea of Osezaki in the West side of Izu Peninsula.","sea, night diving, underwater, scuba diving, underwater photography, izu peninsula, nocturnal marine life, dark water","Nature,Animals/Wildlife",no,no,no
Ose_night_diving_013.JPG,"Night diving scene in the sea of Osezaki in the West side of Izu Peninsula.","sea, night diving, underwater, scuba diving, underwater photography, izu peninsula, nocturnal marine life, dark water","Nature,Animals/Wildlife",no,no,no
Ose_night_diving_014.JPG,"Night diving scene in the sea of Osezaki in the West side of Izu Peninsula.","sea, night diving, underwater, scuba diving, underwater photography, izu peninsula, nocturnal marine life, dark water","Nature,Animals/Wildlife",no,no,no